Dusty Sage Green Cheesecloth Table Runners ,24,249,Table Runners,2024-02-28
Clear Glass Bud Vases,50,112,Vases,2024-02-29
Artificial Eucalyptus Stems ,60,311,Greeneries,2024-02-28
Artificial Garlands with Dusty Pink Flowers ,25,342,Greeneries,2024-03-01
Artificial Green Reef 12inches,15,377,Greeneries,2024-03-20
Artificial Greenery Garlands 8ft,30,333,Greeneries,2024-02-28
Light Pink Cheesecloth Table Runners ,45,218,Table Runners,2024-03-01
Rose Gold Sequin Tablecloths ,24,271,Table Runners,2024-02-28
Clear Gold Vases,25,199,Vases,2024-02-28
Eastland Cylinder Vases 7.5,35,131,Vases,2024-03-01
